time,id,team,x,y,health,state,target,visible
0,0,1,-12.79,0,130,patrol,-1,0
0,1,1,-15,2,100,follow,-1,0
0,2,2,12.1894,5.46341,65,patrol,-1,0
0,3,2,12.0176,2.93902,65,patrol,-1,0
0,4,2,12.3286,-10.2983,65,patrol,-1,0
0,5,2,14.9823,-10.6896,140,patrol,-1,0
0.2,0,1,-11.9501,0.00517624,130,patrol,-1,0
0.2,1,1,-14.8243,1.88505,100,follow,-1,0
0.2,2,2,11.825,5.1081,65,patrol,-1,0
0.2,3,2,11.8707,2.39862,65,patrol,-1,0
0.2,4,2,11.8259,-10.054,65,patrol,-1,0
0.2,5,2,14.6015,-10.1507,140,patrol,-1,0
0.4,0,1,-11.1105,0.0314107,130,patrol,-1,0
0.4,1,1,-14.1072,1.45034,100,follow,-1,0
0.4,2,2,11.8091,4.54833,65,patrol,-1,0
0.4,3,2,11.7179,1.85987,65,patrol,-1,0
0.4,4,2,11.3373,-9.78052,65,patrol,-1,0
0.4,5,2,14.1987,-9.62796,140,patrol,-1,0
0.6,0,1,-10.272,0.0801378,130,patrol,-1,0
0.6,1,1,-13.3388,1.11367,100,follow,-1,0
0.6,2,2,11.7893,3.98869,65,patrol,-1,0
0.6,3,2,11.5588,1.32296,65,patrol,-1,0
0.6,4,2,10.8572,-9.49234,65,patrol,-1,0
0.6,5,2,13.8045,-9.09863,140,patrol,-1,0
0.8,0,1,-9.43523,0.15288,130,patrol,-1,0
0.8,1,1,-12.5371,0.865454,100,follow,-1,0
0.8,2,2,11.7652,3.42921,65,patrol,-1,0
0.8,3,2,11.3928,0.788106,65,patrol,-1,0
0.8,4,2,10.3866,-9.18894,65,patrol,-1,0
0.8,5,2,13.4192,-8.56279,140,patrol,-1,0
1,0,1,-8.6011,0.251259,130,patrol,-1,0
1,1,1,-11.7152,0.694792,100,follow,-1,0
1,2,2,11.7367,2.86994,65,patrol,-1,0
1,3,2,11.2197,0.255551,65,patrol,-1,0
1,4,2,9.92644,-8.86987,65,patrol,-1,0
1,5,2,13.043,-8.02054,140,patrol,-1,0
1.2,0,1,-7.77066,0.377017,130,patrol,-1,0
1.2,1,1,-10.882,0.591517,100,follow,-1,0
1.2,2,2,11.7033,2.31094,65,patrol,-1,0
1.2,3,2,11.0388,-0.274418,65,patrol,-1,0
1.2,4,2,9.47787,-8.53475,65,patrol,-1,0
1.2,5,2,12.6761,-7.47194,140,patrol,-1,0
1.4,0,1,-6.9452,0.532036,130,patrol,-1,0
1.4,1,1,-10.0435,0.547162,100,follow,-1,0
1.4,2,2,11.6648,1.75227,65,patrol,-1,0
1.4,3,2,10.8495,-0.801463,65,patrol,-1,0
1.4,4,2,9.04195,-8.18333,65,patrol,-1,0
1.4,5,2,12.3188,-6.91707,140,patrol,-1,0
1.6,0,1,-6.12626,0.718379,130,patrol,-1,0
1.6,1,1,-9.20382,0.555205,100,follow,-1,0
1.6,2,2,11.6209,1.194,65,patrol,-1,0
1.6,3,2,10.6512,-1.32519,65,patrol,-1,0
1.6,4,2,8.61984,-7.81546,65,patrol,-1,0
1.6,5,2,11.9712,-6.35604,140,patrol,-1,0
1.8,0,1,-5.31573,0.938338,130,patrol,-1,0
1.8,1,1,-8.3659,0.610971,100,follow,-1,0
1.8,2,2,11.5711,0.63622,65,patrol,-1,0
1.8,3,2,10.4432,-1.84511,65,patrol,-1,0
1.8,4,2,8.21266,-7.43113,65,patrol,-1,0
1.8,5,2,11.6336,-5.78893,140,patrol,-1,0
2,0,1,-4.51594,1.19452,130,patrol,-1,0
2,1,1,-7.53214,0.711414,100,follow,-1,0
2,2,2,11.5152,0.0790252,65,patrol,-1,0
2,3,2,10.2245,-2.36065,65,patrol,-1,0
2,4,2,7.82154,-7.03046,65,patrol,-1,0
2,5,2,11.3063,-5.21584,140,patrol,-1,0
2.2,0,1,-3.72041,1.3541,130,attack,3,1
2.2,1,1,-6.70305,0.846298,100,follow,-1,0
2.2,2,2,11.4527,-0.477471,65,patrol,-1,0
2.2,3,2,9.68112,-2.22515,65,chase,0,1
2.2,4,2,7.4476,-6.61374,65,patrol,-1,0
2.2,5,2,10.9894,-4.63689,140,patrol,-1,0
2.4,0,1,-2.90882,1.13745,130,attack,3,1
2.4,1,1,-5.87234,0.964286,100,follow,-1,0
2.4,2,2,11.2634,-0.874719,65,chase,0,1
2.4,3,2,9.14009,-2.08065,65,chase,0,1
2.4,4,2,7.09187,-6.18137,65,patrol,-1,0
2.4,5,2,10.6041,-4.13941,140,chase,0,1
2.6,0,1,-2.09727,0.920699,130,attack,3,1
2.6,1,1,-5.03801,0.957343,100,attack,3,1
2.6,2,2,10.7088,-0.797067,65,chase,0,1
2.6,3,2,8.59905,-1.93615,65,chase,0,1
2.6,4,2,6.75533,-5.7339,65,patrol,-1,0
2.6,5,2,9.98974,-3.89825,140,chase,0,1
2.8,0,1,-1.28572,0.703944,130,attack,3,1
2.8,1,1,-4.2163,0.783029,100,attack,3,1
2.8,2,2,10.1536,-0.72389,65,chase,0,1
2.8,3,2,8.05802,-1.79165,51,chase,0,1
2.8,4,2,6.43886,-5.27202,65,patrol,-1,0
2.8,5,2,9.37719,-3.65252,140,chase,0,1
3,0,1,-0.677055,0.541378,130,attack,3,1
3,1,1,-3.39418,0.610628,100,attack,3,1
3,2,2,9.59782,-0.655669,65,chase,0,1
3,3,2,7.51698,-1.64714,51,chase,0,1
3,4,2,6.14322,-4.79654,65,patrol,-1,0
3,5,2,8.7667,-3.40173,140,chase,0,1
3.2,0,1,-0.677055,0.541378,122,attack,3,1
3.2,1,1,-2.57169,0.439991,100,attack,3,1
3.2,2,2,9.04158,-0.590866,65,chase,0,1
3.2,3,2,7.51698,-1.64714,37,attack,0,1
3.2,4,2,5.86907,-4.30835,65,patrol,-1,0
3.2,5,2,8.15766,-3.14744,140,chase,0,1
3.4,0,1,-0.677055,0.541378,122,attack,3,1
3.4,1,1,-1.75092,0.26187,100,attack,3,1
3.4,2,2,8.48534,-0.526063,65,chase,0,1
3.4,3,2,7.15252,-2.0723,23,find_cover,0,1
3.4,4,2,5.61691,-3.80845,65,patrol,-1,0
3.4,5,2,7.54862,-2.89314,140,chase,0,1
3.6,0,1,-0.677055,0.541378,109,attack,4,1
3.6,1,1,-0.938925,0.0478595,100,attack,3,1
3.6,2,2,8.06816,-0.477461,65,attack,0,1
3.6,3,2,6.78805,-2.49747,23,find_cover,0,1
3.6,4,2,5.38709,-3.2979,65,patrol,-1,0
3.6,5,2,7.09184,-2.70241,140,attack,0,1
3.8,0,1,-0.677055,0.541378,109,attack,4,1
3.8,1,1,-0.337512,-0.139765,92,attack,4,1
3.8,2,2,7.92828,-0.471841,65,chase,1,1
3.8,3,2,6.42358,-2.92263,9,find_cover,1,1
3.8,4,2,5.33104,-3.16961,65,attack,1,1
3.8,5,2,6.93585,-2.64861,140,chase,1,1
4,0,1,-0.677055,0.541378,109,attack,4,1
4,1,1,-0.337512,-0.139765,92,attack,4,1
4,2,2,7.36873,-0.449361,65,chase,1,1
4,3,2,6.05911,-3.34779,9,retreat,1,1
4,4,2,4.96063,-2.97162,65,chase,1,1
4,5,2,6.31193,-2.4334,140,chase,1,1
4.2,0,1,-0.677055,0.541378,109,attack,4,1
4.2,1,1,-0.337512,-0.139765,92,attack,4,1
4.2,2,2,6.80918,-0.426882,65,chase,1,1
4.2,3,2,5.69464,-3.77295,9,retreat,1,1
4.2,4,2,4.83591,-2.71366,51,chase,1,1
4.2,5,2,5.688,-2.21818,140,chase,1,1
4.4,0,1,-0.677055,0.541378,109,attack,4,1
4.4,1,1,-0.337512,-0.139765,92,attack,4,1
4.4,2,2,6.24963,-0.404402,65,chase,1,1
4.4,3,2,5.5124,-3.98553,9,retreat,1,0
4.4,4,2,4.58342,-2.46912,51,chase,1,1
4.4,5,2,5.06408,-2.00297,140,chase,1,1
4.6,0,1,-0.677055,0.541378,109,attack,5,1
4.6,1,1,-0.337512,-0.139765,92,attack,5,1
4.6,2,2,5.69008,-0.381922,65,chase,1,1
4.6,3,2,5.5124,-3.98553,9,retreat,1,0
4.6,4,2,4.78864,-2.6543,37,find_cover,1,1
4.6,5,2,4.59613,-1.84156,140,attack,1,1
4.8,0,1,-0.677055,0.541378,109,attack,5,1
4.8,1,1,-0.337512,-0.139765,92,attack,5,1
4.8,2,2,5.27042,-0.365062,65,attack,1,1
4.8,3,2,5.5124,-3.98553,9,retreat,1,0
4.8,4,2,5.05035,-3.14938,37,find_cover,1,1
4.8,5,2,4.44015,-1.78775,126,chase,1,1
5,0,1,-0.677055,0.541378,109,attack,5,1
5,1,1,-0.337512,-0.139765,92,attack,5,1
5,2,2,5.13053,-0.359442,65,chase,1,1
5,3,2,5.5124,-3.98553,9,retreat,1,0
5,4,2,4.99307,-3.06744,37,investigate,1,0
5,5,2,3.81623,-1.57254,126,chase,1,1
5.2,0,1,-0.866001,0.633027,109,attack,5,1
5.2,1,1,-0.337512,-0.139765,84,attack,5,1
5.2,2,2,4.57098,-0.336963,65,chase,1,1
5.2,3,2,5.5124,-3.98553,9,retreat,1,0
5.2,4,2,4.99307,-3.00004,37,attack,1,1
5.2,5,2,3.1923,-1.35733,112,chase,1,1
5.4,0,1,-1.62021,1.0028,109,attack,5,1
5.4,1,1,-0.337512,-0.139765,84,attack,5,1
5.4,2,2,4.01144,-0.314483,65,chase,1,1
5.4,3,2,5.5124,-3.98553,9,retreat,1,0
5.4,4,2,5.18298,-3.37465,37,find_cover,1,1
5.4,5,2,2.56838,-1.14211,112,chase,1,1
5.6,0,1,-2.36791,1.38555,109,attack,5,1
5.6,1,1,-0.337512,-0.139765,71,attack,5,1
5.6,2,2,3.45189,-0.292003,65,chase,1,1
5.6,3,2,5.5124,-3.98553,9,retreat,1,0
5.6,4,2,5.12632,-3.28416,37,investigate,1,0
5.6,5,2,2.10043,-0.9807,98,attack,1,1
5.8,0,1,-2.92466,1.68039,109,attack,5,1
5.8,1,1,-0.337512,-0.139765,71,attack,5,1
5.8,2,2,2.89234,-0.269524,65,chase,1,1
5.8,3,2,5.5124,-3.98553,9,retreat,1,0
5.8,4,2,5.00366,-3.01071,37,investigate,1,0
5.8,5,2,1.94445,-0.926897,98,chase,1,1
6,0,1,-2.92466,1.68039,109,attack,5,1
6,1,1,-0.337512,-0.139765,71,attack,5,1
6,2,2,2.33279,-0.247044,65,chase,1,1
6,3,2,5.5124,-3.98553,9,retreat,1,0
6,4,2,5.18238,-3.32451,37,find_cover,1,1
6,5,2,1.32053,-0.711683,98,chase,1,1
6.2,0,1,-3.10548,1.78717,109,attack,5,1
6.2,1,1,-0.337512,-0.139765,63,attack,5,1
6.2,2,2,1.91313,-0.230184,65,attack,1,1
6.2,3,2,5.5124,-3.98553,9,retreat,1,0
6.2,4,2,5.12156,-3.23801,37,investigate,1,0
6.2,5,2,0.696601,-0.496468,98,chase,1,1
6.4,0,1,-3.8199,1.88826,109,attack,5,1
6.4,1,1,-0.337512,-0.139765,63,attack,5,1
6.4,2,2,1.77324,-0.224564,65,chase,1,1
6.4,3,2,5.5124,-3.98553,9,retreat,1,0
6.4,4,2,4.99849,-2.96748,37,investigate,1,0
6.4,5,2,0.364132,-0.429247,84,find_cover,1,1
6.6,0,1,-4.37211,2.19151,109,attack,5,1
6.6,1,1,-0.337512,-0.139765,43,attack,5,1
6.6,2,2,1.21369,-0.202084,65,chase,1,1
6.6,3,2,5.5124,-3.98553,9,retreat,1,0
6.6,4,2,4.99849,-2.90192,37,attack,1,1
6.6,5,2,0.770555,-0.711816,64,attack,1,1
6.8,0,1,-4.37211,2.19151,109,attack,2,1
6.8,1,1,-0.501343,-0.00839016,43,retreat,2,1
6.8,2,2,0.655317,-0.166289,65,chase,1,1
6.8,3,2,5.23826,-3.87561,9,patrol,-1,0
6.8,4,2,4.87416,-2.71007,37,chase,1,1
6.8,5,2,0.906029,-0.806006,64,find_cover,1,1
7,0,1,-4.37211,2.19151,109,attack,2,1
7,1,1,-1.15667,0.51711,43,retreat,2,1
7,2,2,0.111455,-0.0521464,65,chase,1,1
7,3,2,5.23826,-3.65714,9,patrol,-1,0
7,4,2,4.62326,-2.45768,37,chase,1,1
7,5,2,1.44793,-1.18276,64,find_cover,1,1
7.2,0,1,-4.55954,2.28621,109,attack,2,1
7.2,1,1,-1.81199,1.04261,43,retreat,2,1
7.2,2,2,-0.391807,0.191804,51,chase,1,1
7.2,3,2,5.23826,-3.39191,9,patrol,-1,0
7.2,4,2,4.37482,-2.2016,37,chase,1,1
7.2,5,2,1.98982,-1.55952,64,find_cover,1,1
7.4,0,1,-5.31006,2.66345,109,attack,2,1
7.4,1,1,-2.46732,1.56811,35,retreat,2,1
7.4,2,2,-0.7521,0.407648,51,attack,1,1
7.4,3,2,5.00299,-3.08317,9,patrol,-1,0
7.4,4,2,3.88032,-1.93885,37,chase,1,1
7.4,5,2,2.53172,-1.84209,64,find_cover,1,1
7.6,0,1,-5.87469,2.9429,109,attack,2,1
7.6,1,1,-3.11074,1.69949,22,retreat,2,1
7.6,2,2,-0.874889,0.474901,51,chase,1,1
7.6,3,2,5.26987,-3.57548,9,retreat,1,1
7.6,4,2,3.38831,-1.6714,37,chase,1,1
7.6,5,2,2.53172,-1.84209,64,attack,1,1
7.8,0,1,-5.87469,2.9429,109,attack,2,1
7.8,1,1,-3.69098,1.85487,14,retreat,2,1
7.8,2,2,-1.2127,0.813282,37,find_cover,1,1
7.8,3,2,5.47003,-3.94472,9,retreat,1,0
7.8,4,2,3.26539,-1.60439,37,attack,1,1
7.8,5,2,2.53172,-1.84209,64,find_cover,1,1
8,0,1,-5.87469,2.9429,109,attack,2,1
8,1,1,-4.20094,2.02529,14,retreat,2,1
8,2,2,-1.09525,1.36076,37,find_cover,1,1
8,3,2,5.47003,-3.94472,9,retreat,1,0
8,4,2,2.88661,-1.42293,37,chase,1,1
8,5,2,2.53172,-1.84209,64,find_cover,1,1
8.2,0,1,-5.68677,2.84918,109,attack,4,1
8.2,1,1,-4.71993,2.48787,14,retreat,2,1
8.2,2,2,-0.992112,1.91118,37,find_cover,1,1
8.2,3,2,5.47003,-3.94472,9,retreat,1,0
8.2,4,2,2.38401,-1.176,37,chase,1,1
8.2,5,2,2.53172,-1.84209,64,find_cover,1,1
8.4,0,1,-5.12298,2.56803,109,attack,4,1
8.4,1,1,-5.14619,2.90089,14,retreat,4,1
8.4,2,2,-1.05463,2.33002,37,investigate,1,0
8.4,3,2,5.47003,-3.94472,9,retreat,1,0
8.4,4,2,1.88589,-0.920164,37,chase,1,1
8.4,5,2,2.53172,-1.84209,64,find_cover,0,1
8.6,0,1,-5.12298,2.56803,96,attack,4,1
8.6,1,1,-5.40358,3.70048,14,retreat,4,0
8.6,2,2,-1.47424,2.35412,37,investigate,1,0
8.6,3,2,5.47003,-3.94472,9,retreat,1,0
8.6,4,2,1.51622,-0.514784,23,find_cover,0,1
8.6,5,2,2.53172,-1.84209,64,attack,0,1
8.8,0,1,-5.12298,2.56803,96,attack,4,1
8.8,1,1,-5.46793,3.90038,14,retreat,4,0
8.8,2,2,-1.47424,2.37573,37,investigate,1,0
8.8,3,2,5.47003,-3.94472,9,retreat,1,0
8.8,4,2,1.18896,-0.0603588,23,find_cover,0,1
8.8,5,2,2.38875,-1.75972,64,chase,0,1
9,0,1,-5.12298,2.56803,88,attack,4,1
9,1,1,-5.46793,3.90038,14,retreat,4,0
9,2,2,-1.47424,2.39385,37,investigate,1,0
9,3,2,5.47003,-3.94472,9,retreat,1,0
9,4,2,1.10715,0.0532476,23,attack,0,1
9,5,2,1.81687,-1.43024,64,chase,0,1
9.2,0,1,-5.12298,2.56803,88,attack,4,1
9.2,1,1,-5.46793,3.90038,14,retreat,4,0
9.2,2,2,-1.47424,2.40905,37,investigate,1,0
9.2,3,2,5.47003,-3.94472,9,retreat,1,0
9.2,4,2,0.861703,0.394067,9,find_cover,0,1
9.2,5,2,1.245,-1.10077,64,chase,0,1
9.4,0,1,-5.12298,2.56803,88,attack,4,1
9.4,1,1,-5.46793,3.90038,14,retreat,4,0
9.4,2,2,-1.47424,2.41245,37,investigate,1,0
9.4,3,2,5.47003,-3.94472,9,retreat,1,0
9.4,4,2,0.534445,0.848492,9,retreat,0,1
9.4,5,2,0.673118,-0.77129,64,chase,0,1
9.6,0,1,-5.12298,2.56803,75,attack,4,1
9.6,1,1,-5.46793,3.90038,14,retreat,4,0
9.6,2,2,-1.47424,2.41245,37,investigate,1,0
9.6,3,2,5.47003,-3.94472,9,retreat,1,0
9.6,4,2,0.207188,1.30292,9,retreat,0,1
9.6,5,2,0.24421,-0.524181,64,attack,0,1
9.8,0,1,-5.12298,2.56803,75,attack,5,1
9.8,1,1,-5.46793,3.90038,14,retreat,4,0
9.8,2,2,-1.47424,2.41245,37,investigate,1,0
9.8,3,2,5.47003,-3.94472,9,retreat,1,0
9.8,4,2,-0.120069,1.75734,9,retreat,0,1
9.8,5,2,0.10124,-0.441812,64,chase,0,1
10,0,1,-5.12298,2.56803,75,attack,5,1
10,1,1,-5.46793,3.90038,14,retreat,4,0
10,2,2,-1.47424,2.41245,37,investigate,1,0
10,3,2,5.47003,-3.94472,9,retreat,1,0
10,4,2,-0.447327,2.21177,9,retreat,0,0
10,5,2,-0.355679,-0.0320989,50,find_cover,0,1
10.2,0,1,-5.12298,2.56803,75,attack,5,1
10.2,1,1,-5.46793,3.90038,14,retreat,4,0
10.2,2,2,-1.47424,2.41245,37,investigate,1,0
10.2,3,2,5.47003,-3.94472,9.7,recover,-1,0
10.2,4,2,-0.774584,2.6662,9,retreat,0,0
10.2,5,2,-0.467724,0.618321,50,find_cover,0,1
10.4,0,1,-5.323,2.632,75,attack,5,1
10.4,1,1,-5.46793,3.90038,14,retreat,4,0
10.4,2,2,-1.47424,2.41245,37,investigate,1,0
10.4,3,2,5.47003,-3.94472,10.4,recover,-1,0
10.4,4,2,-0.774584,2.6662,9,retreat,0,0
10.4,5,2,-0.579768,1.26874,50,find_cover,0,1
10.6,0,1,-5.72304,2.75993,75,patrol,5,0
10.6,1,1,-5.46793,3.90038,14,retreat,4,0
10.6,2,2,-1.47424,2.41245,37,investigate,1,0
10.6,3,2,5.47003,-3.94472,11.1,recover,-1,0
10.6,4,2,-0.774584,2.6662,9,retreat,0,0
10.6,5,2,-0.825963,1.78703,50,investigate,0,0
10.8,0,1,-4.92296,2.50406,62,patrol,5,0
10.8,1,1,-5.46793,3.90038,14,retreat,4,0
10.8,2,2,-1.3873,2.30272,37,patrol,-1,0
10.8,3,2,5.47003,-3.94472,11.8,recover,-1,0
10.8,4,2,-0.774584,2.6662,9,retreat,0,0
10.8,5,2,-1.31245,1.87843,50,attack,0,1
11,0,1,-4.73103,2.34028,54,attack,5,1
11,1,1,-5.46793,3.90038,14,retreat,-1,0
11,2,2,-1.12646,1.97353,37,attack,0,1
11,3,2,5.47003,-3.94472,12.5,recover,-1,0
11,4,2,-0.774584,2.6662,9,retreat,0,0
11,5,2,-1.23317,2.02314,50,find_cover,0,1
11.2,0,1,-5.56417,2.4469,54,attack,2,1
11.2,1,1,-5.46793,3.90038,14,retreat,-1,0
11.2,2,2,-1.26567,1.98838,37,chase,0,1
11.2,3,2,5.47003,-3.94472,13.2,recover,-1,0
11.2,4,2,-0.774584,2.6662,9,retreat,0,0
11.2,5,2,-1.16025,2.45209,50,investigate,0,0
11.4,0,1,-6.39943,2.53599,54,attack,2,1
11.4,1,1,-5.46793,3.90038,14,retreat,-1,0
11.4,2,2,-1.82251,2.04777,37,chase,0,1
11.4,3,2,5.47003,-3.94472,13.9,recover,-1,0
11.4,4,2,-0.774584,2.6662,9,retreat,0,0
11.4,5,2,-1.32516,2.43217,50,investigate,0,0
11.6,0,1,-7.02588,2.60282,54,attack,2,1
11.6,1,1,-5.46793,3.90038,14,retreat,-1,0
11.6,2,2,-1.96172,2.04777,37,chase,0,1
11.6,3,2,5.47003,-3.94472,14.6,recover,-1,0
11.6,4,2,-0.774584,2.6662,9,retreat,0,0
11.6,5,2,-1.32516,2.41562,50,investigate,0,0
11.8,0,1,-7.02588,2.60282,54,attack,2,1
11.8,1,1,-5.46793,3.90038,14,retreat,-1,0
11.8,2,2,-1.84291,2.12182,23,find_cover,0,1
11.8,3,2,5.47003,-3.94472,15.3,recover,-1,0
11.8,4,2,-0.774584,2.6662,9,retreat,0,0
11.8,5,2,-1.32516,2.40205,50,investigate,0,0
12,0,1,-6.81713,2.57994,54,patrol,2,0
12,1,1,-5.46793,3.90038,14,retreat,-1,0
12,2,2,-1.48646,2.3505,23,investigate,0,0
12,3,2,5.47003,-3.94472,16,recover,-1,0
12,4,2,-0.774584,2.6662,9,retreat,0,0
12,5,2,-1.49014,2.39053,50,investigate,0,0
12.2,0,1,-5.98213,2.48842,54,patrol,2,0
12.2,1,1,-5.46793,3.90038,14,retreat,-1,0
12.2,2,2,-1.48646,2.37503,23,investigate,0,0
12.2,3,2,5.47003,-3.94472,16.7,recover,-1,0
12.2,4,2,-0.774584,2.6662,9,retreat,0,0
12.2,5,2,-1.49014,2.38105,50,investigate,0,0
12.4,0,1,-5.14713,2.3969,54,patrol,2,0
12.4,1,1,-5.46793,3.90038,14,retreat,-1,0
12.4,2,2,-1.48646,2.39718,23,investigate,0,0
12.4,3,2,5.47003,-3.94472,17.4,recover,-1,0
12.4,4,2,-0.439762,2.91976,9,patrol,-1,0
12.4,5,2,-1.49014,2.37336,50,investigate,0,0
12.6,0,1,-4.52088,2.30538,54,patrol,2,0
12.6,1,1,-5.46793,3.90038,14,retreat,-1,0
12.6,2,2,-1.48646,2.40238,23,investigate,0,0
12.6,3,2,5.47003,-3.94472,18.1,recover,-1,0
12.6,4,2,0.0101263,3.25321,9,patrol,-1,0
12.6,5,2,-1.49014,2.36712,50,investigate,0,0
12.8,0,1,-4.31152,2.23094,54,patrol,2,0
12.8,1,1,-5.46793,3.90038,14,retreat,-1,0
12.8,2,2,-1.48646,2.40238,23,investigate,0,0
12.8,3,2,5.47003,-3.94472,18.8,recover,-1,0
12.8,4,2,0.464952,3.57989,9,patrol,-1,0
12.8,5,2,-1.49014,2.36206,50,investigate,0,0
13,0,1,-4.31152,2.17384,54,patrol,2,0
13,1,1,-5.46793,3.90038,14,retreat,-1,0
13,2,2,-1.48646,2.40238,23,investigate,0,0
13,3,2,5.47003,-3.94472,19.5,recover,-1,0
13,4,2,0.925159,3.89894,9,patrol,-1,0
13,5,2,-1.49014,2.35795,50,investigate,0,0
13.2,0,1,-4.31152,2.1345,54,patrol,2,0
13.2,1,1,-5.46793,3.90038,14,retreat,-1,0
13.2,2,2,-1.48646,2.40238,23,investigate,0,0
13.2,3,2,5.47003,-3.94472,20.2,recover,-1,0
13.2,4,2,1.3912,4.20939,9,patrol,-1,0
13.2,5,2,-1.49014,2.35462,50,investigate,0,0
13.4,0,1,-4.31152,2.10743,54,patrol,2,0
13.4,1,1,-5.46793,3.90038,14,retreat,-1,0
13.4,2,2,-1.48646,2.40238,23,investigate,0,0
13.4,3,2,5.47003,-3.94472,20.9,recover,-1,0
13.4,4,2,1.50809,4.28645,9.7,recover,-1,0
13.4,5,2,-1.49014,2.35191,50,investigate,0,0
13.6,0,1,-4.10156,2.0884,54,patrol,2,0
13.6,1,1,-5.46793,3.90038,14,retreat,-1,0
13.6,2,2,-1.48646,2.40238,23,investigate,0,0
13.6,3,2,5.47003,-3.94472,21.6,recover,-1,0
13.6,4,2,1.50809,4.28645,10.4,recover,-1,0
13.6,5,2,-1.3256,2.33782,50,patrol,-1,0
13.8,0,1,-4.31108,2.06329,54,attack,5,1
13.8,1,1,-5.46793,3.90038,14,retreat,-1,0
13.8,2,2,-1.48646,2.40238,23,investigate,0,0
13.8,3,2,5.47003,-3.94472,22.3,recover,-1,0
13.8,4,2,1.50809,4.28645,11.1,recover,-1,0
13.8,5,2,-0.833082,2.4656,36,retreat,0,1
14,0,1,-4.7301,2.0347,54,patrol,5,0
14,1,1,-5.46793,3.90038,14,retreat,-1,0
14,2,2,-1.48646,2.40238,23,investigate,0,0
14,3,2,5.47003,-3.94472,23,recover,-1,0
14,4,2,1.50809,4.28645,11.8,recover,-1,0
14,5,2,-0.834158,2.6306,36,retreat,0,0
14.2,0,1,-4.10156,2.09187,54,patrol,5,0
14.2,1,1,-5.46793,3.90038,14,retreat,-1,0
14.2,2,2,-1.48646,2.40238,23,investigate,0,0
14.2,3,2,5.47003,-3.94472,23.7,recover,-1,0
14.2,4,2,1.50809,4.28645,12.5,recover,-1,0
14.2,5,2,-0.834158,2.6306,36,retreat,0,0
14.4,0,1,-4.10156,2.09187,54,patrol,5,0
14.4,1,1,-5.46793,3.90038,14,retreat,-1,0
14.4,2,2,-1.34768,2.38399,23,patrol,-1,0
14.4,3,2,5.47003,-3.94472,24.4,recover,-1,0
14.4,4,2,1.50809,4.28645,13.2,recover,-1,0
14.4,5,2,-0.834158,2.6306,36,retreat,0,0
14.6,0,1,-4.31098,2.07622,54,attack,2,1
14.6,1,1,-5.46793,3.90038,14,retreat,-1,0
14.6,2,2,-0.900082,2.46532,9,retreat,0,1
14.6,3,2,5.47003,-3.94472,25.1,recover,-1,0
14.6,4,2,1.50809,4.28645,13.9,recover,-1,0
14.6,5,2,-0.834158,2.6306,36,retreat,0,0
14.8,0,1,-4.72981,2.04491,54,patrol,2,0
14.8,1,1,-5.46793,3.90038,14,retreat,-1,0
14.8,2,2,-0.837622,2.73826,9,retreat,0,0
14.8,3,2,5.47003,-3.94472,25.8,recover,-1,0
14.8,4,2,1.50809,4.28645,14.6,recover,-1,0
14.8,5,2,-0.834158,2.6306,36,retreat,0,0
15,0,1,-4.10156,2.09187,54,patrol,2,0
15,1,1,-5.46793,3.90038,14,retreat,-1,0
15,2,2,-0.837622,2.73826,9,retreat,0,0
15,3,2,5.47003,-3.94472,26.5,recover,-1,0
15,4,2,1.50809,4.28645,15.3,recover,-1,0
15,5,2,-0.834158,2.6306,36,retreat,0,0
15.2,0,1,-4.10156,2.09187,54,patrol,2,0
15.2,1,1,-5.46793,3.90038,14,retreat,-1,0
15.2,2,2,-0.837622,2.73826,9,retreat,0,0
15.2,3,2,5.47003,-3.94472,27.2,recover,-1,0
15.2,4,2,1.50809,4.28645,16,recover,-1,0
15.2,5,2,-0.834158,2.6306,36,retreat,0,0
15.4,0,1,-4.10156,2.09187,54,patrol,2,0
15.4,1,1,-5.46793,3.90038,14,retreat,-1,0
15.4,2,2,-0.837622,2.73826,9,retreat,0,0
15.4,3,2,5.47003,-3.94472,27.9,recover,-1,0
15.4,4,2,1.50809,4.28645,16.7,recover,-1,0
15.4,5,2,-0.834158,2.6306,36,retreat,0,0
15.6,0,1,-4.10156,2.09187,54,patrol,2,0
15.6,1,1,-5.46793,3.90038,14,retreat,-1,0
15.6,2,2,-0.837622,2.73826,9,retreat,0,0
15.6,3,2,5.47003,-3.94472,28.6,recover,-1,0
15.6,4,2,1.50809,4.28645,17.4,recover,-1,0
15.6,5,2,-0.834158,2.6306,36,retreat,0,0
15.8,0,1,-4.10156,2.09187,54,patrol,2,0
15.8,1,1,-5.46793,3.90038,14,retreat,-1,0
15.8,2,2,-0.837622,2.73826,9,retreat,0,0
15.8,3,2,5.47003,-3.94472,29.3,recover,-1,0
15.8,4,2,1.50809,4.28645,18.1,recover,-1,0
15.8,5,2,-0.834158,2.6306,36,retreat,0,0
16,0,1,-4.10156,2.09187,54,patrol,2,0
16,1,1,-5.46793,3.90038,14,retreat,-1,0
16,2,2,-0.837622,2.73826,9,retreat,0,0
16,3,2,5.47003,-3.94472,30,recover,-1,0
16,4,2,1.50809,4.28645,18.8,recover,-1,0
16,5,2,-0.834158,2.6306,36,retreat,0,0
16.2,0,1,-4.10156,2.09187,54,patrol,2,0
16.2,1,1,-5.46793,3.90038,14,retreat,-1,0
16.2,2,2,-0.837622,2.73826,9,retreat,0,0
16.2,3,2,5.47003,-3.94472,30.7,recover,-1,0
16.2,4,2,1.50809,4.28645,19.5,recover,-1,0
16.2,5,2,-0.834158,2.6306,36,retreat,0,0
16.4,0,1,-4.10156,2.09187,54,patrol,2,0
16.4,1,1,-5.46793,3.90038,14,retreat,-1,0
16.4,2,2,-0.837622,2.73826,9,retreat,0,0
16.4,3,2,5.47003,-3.94472,31.4,recover,-1,0
16.4,4,2,1.50809,4.28645,20.2,recover,-1,0
16.4,5,2,-0.689098,2.55197,36,patrol,-1,0
16.6,0,1,-4.31121,2.07965,54,attack,5,1
16.6,1,1,-5.46793,3.90038,14,retreat,-1,0
16.6,2,2,-0.837622,2.73826,9,retreat,0,0
16.6,3,2,5.47003,-3.94472,32.1,recover,-1,0
16.6,4,2,1.50809,4.28645,20.9,recover,-1,0
16.6,5,2,-0.386121,2.41481,22,retreat,0,1
16.8,0,1,-4.7305,2.05522,54,patrol,5,0
16.8,1,1,-5.46793,3.90038,14,retreat,-1,0
16.8,2,2,-0.837622,2.73826,9,retreat,0,0
16.8,3,2,5.47003,-3.94472,32.8,recover,-1,0
16.8,4,2,1.50809,4.28645,21.6,recover,-1,0
16.8,5,2,-0.782721,2.711,22,retreat,0,0
17,0,1,-4.10156,2.09187,54,patrol,5,0
17,1,1,-5.46793,3.90038,14,retreat,-1,0
17,2,2,-0.837622,2.73826,9,retreat,0,0
17,3,2,5.47003,-3.94472,33.5,recover,-1,0
17,4,2,1.50809,4.28645,22.3,recover,-1,0
17,5,2,-0.782721,2.711,22,retreat,0,0
17.2,0,1,-4.10156,2.09187,54,patrol,5,0
17.2,1,1,-5.46793,3.90038,14,retreat,-1,0
17.2,2,2,-0.721247,2.81609,9,patrol,-1,0
17.2,3,2,5.47003,-3.94472,34.2,recover,-1,0
17.2,4,2,1.50809,4.28645,23,recover,-1,0
17.2,5,2,-0.782721,2.711,22,retreat,0,0
17.4,0,1,-4.10156,2.09187,54,patrol,5,0
17.4,1,1,-5.46793,3.90038,14,retreat,-1,0
17.4,2,2,-0.257911,3.13054,9,patrol,-1,0
17.4,3,2,5.47003,-3.94472,34.9,recover,-1,0
17.4,4,2,1.50809,4.28645,23.7,recover,-1,0
17.4,5,2,-0.782721,2.711,22,retreat,0,0
17.6,0,1,-4.10156,2.09187,54,patrol,5,0
17.6,1,1,-5.46793,3.90038,14,retreat,-1,0
17.6,2,2,0.196829,3.4573,9,patrol,-1,0
17.6,3,2,5.47003,-3.94472,35.6,recover,-1,0
17.6,4,2,1.50809,4.28645,24.4,recover,-1,0
17.6,5,2,-0.782721,2.711,22,retreat,0,0
17.8,0,1,-4.10156,2.09187,54,patrol,5,0
17.8,1,1,-5.46793,3.90038,14,retreat,-1,0
17.8,2,2,0.643209,3.7954,9,patrol,-1,0
17.8,3,2,5.47003,-3.94472,36.3,recover,-1,0
17.8,4,2,1.50809,4.28645,25.1,recover,-1,0
17.8,5,2,-0.782721,2.711,22,retreat,0,0
18,0,1,-4.10156,2.09187,54,patrol,5,0
18,1,1,-5.46793,3.90038,14,retreat,-1,0
18,2,2,1.08157,4.14384,9,patrol,-1,0
18,3,2,5.47003,-3.94472,37,recover,-1,0
18,4,2,1.50809,4.28645,25.8,recover,-1,0
18,5,2,-0.782721,2.711,22,retreat,0,0
18.2,0,1,-4.10156,2.09187,54,patrol,5,0
18.2,1,1,-5.46793,3.90038,14,retreat,-1,0
18.2,2,2,1.51236,4.50161,9,patrol,-1,0
18.2,3,2,5.47003,-3.94472,37.7,recover,-1,0
18.2,4,2,1.50809,4.28645,26.5,recover,-1,0
18.2,5,2,-0.782721,2.711,22,retreat,0,0
18.4,0,1,-4.10156,2.09187,54,patrol,5,0
18.4,1,1,-5.46793,3.90038,14,retreat,-1,0
18.4,2,2,1.93612,4.86767,9,patrol,-1,0
18.4,3,2,5.47003,-3.94472,38.4,recover,-1,0
18.4,4,2,1.50809,4.28645,27.2,recover,-1,0
18.4,5,2,-0.782721,2.711,22,retreat,0,0
18.6,0,1,-4.10156,2.09187,54,patrol,5,0
18.6,1,1,-5.46793,3.90038,14,retreat,-1,0
18.6,2,2,2.35352,5.24099,9,patrol,-1,0
18.6,3,2,5.47003,-3.94472,39.1,recover,-1,0
18.6,4,2,1.50809,4.28645,27.9,recover,-1,0
18.6,5,2,-0.782721,2.711,22,retreat,0,0
18.8,0,1,-4.10156,2.09187,54,patrol,5,0
18.8,1,1,-5.46793,3.90038,14,retreat,-1,0
18.8,2,2,2.66329,5.52462,9.7,recover,-1,0
18.8,3,2,5.47003,-3.94472,39.8,recover,-1,0
18.8,4,2,1.50809,4.28645,28.6,recover,-1,0
18.8,5,2,-0.782721,2.711,22,retreat,0,0
19,0,1,-4.10156,2.09187,54,patrol,5,0
19,1,1,-5.46793,3.90038,14,retreat,-1,0
19,2,2,2.66329,5.52462,10.4,recover,-1,0
19,3,2,5.47003,-3.94472,40.5,recover,-1,0
19,4,2,1.50809,4.28645,29.3,recover,-1,0
19,5,2,-0.782721,2.711,22,retreat,0,0
19.2,0,1,-3.96164,1.93528,54,patrol,-1,0
19.2,1,1,-5.46793,3.90038,14,retreat,-1,0
19.2,2,2,2.66329,5.52462,11.1,recover,-1,0
19.2,3,2,5.47003,-3.94472,41.2,recover,-1,0
19.2,4,2,1.50809,4.28645,30,recover,-1,0
19.2,5,2,-0.666359,2.59402,22,patrol,-1,0
19.4,0,1,-3.74601,1.41628,54,attack,5,1
19.4,1,1,-5.46793,3.90038,14,retreat,-1,0
19.4,2,2,2.66329,5.52462,11.8,recover,-1,0
19.4,3,2,5.47003,-3.94472,41.9,recover,-1,0
19.4,4,2,1.50809,4.28645,30,attack,0,1
19.4,5,2,-0.334341,2.40719,8,retreat,0,1
19.6,0,1,-4.55272,1.18884,54,attack,5,1
19.6,1,1,-5.46793,3.90038,14,retreat,-1,0
19.6,2,2,2.66329,5.52462,12.5,recover,-1,0
19.6,3,2,5.47003,-3.94472,42.6,recover,-1,0
19.6,4,2,1.13611,4.09143,30,chase,0,1
19.6,5,2,-0.402616,3.06365,8,retreat,0,1
19.8,0,1,-4.94126,1.02934,54,patrol,5,0
19.8,1,1,-5.46793,3.90038,14,retreat,-1,0
19.8,2,2,2.66329,5.52462,13.2,recover,-1,0
19.8,3,2,5.68438,-3.42737,42.6,patrol,-1,0
19.8,4,2,1.01211,4.02643,30.7,recover,0,0
19.8,5,2,-0.47089,3.72011,8,retreat,0,0
20,0,1,-4.35845,1.26859,54,attack,4,1
20,1,1,-5.46793,3.90038,14,retreat,-1,0
20,2,2,2.66329,5.52462,13.9,recover,-1,0
20,3,2,5.90765,-2.9138,42.6,patrol,-1,0
20,4,2,1.01211,4.02643,31.4,recover,0,0
20,5,2,-0.487959,3.88422,8,retreat,0,0
20.2,0,1,-4.16397,1.18936,54,attack,3,1
20.2,1,1,-5.46793,3.90038,14,retreat,-1,0
20.2,2,2,2.66329,5.52462,14.6,recover,-1,0
20.2,3,2,5.38904,-2.70252,42.6,chase,0,1
20.2,4,2,0.592179,4.01909,17.4,retreat,0,1
20.2,5,2,-0.487959,3.88422,8,retreat,0,0
20.4,0,1,-3.73292,0.807171,54,attack,5,1
20.4,1,1,-5.46793,3.90038,14,retreat,-1,0
20.4,2,2,2.78735,5.58949,14.6,retreat,0,1
20.4,3,2,4.87043,-2.49124,42.6,chase,0,1
20.4,4,2,0.0322644,4.0093,17.4,retreat,0,1
20.4,5,2,-0.487959,3.88422,8,retreat,0,1
20.6,0,1,-4.19006,0.373678,54,attack,5,1
20.6,1,1,-5.46793,3.90038,14,retreat,-1,0
20.6,2,2,3.28359,5.849,14.6,retreat,0,1
20.6,3,2,4.47528,-2.30146,42.6,chase,0,1
20.6,4,2,-0.387671,4.00196,17.4,retreat,0,1
20.6,5,2,-0.487959,3.88422,8,retreat,0,1
20.8,0,1,-4.19006,0.373678,54,attack,5,1
20.8,1,1,-5.46793,3.90038,14,retreat,-1,0
20.8,2,2,3.77983,6.10851,14.6,retreat,0,1
20.8,3,2,4.20721,-2.1386,42.6,chase,0,1
20.8,4,2,-0.387671,4.00196,17.4,retreat,0,1
20.8,5,2,-0.487959,3.88422,8,retreat,0,1
21,0,1,-4.19006,0.373678,46,attack,5,1
21,1,1,-5.39639,3.70294,14,support,-1,0
21,2,2,4.15201,6.36802,14.6,retreat,0,1
21,3,2,4.20721,-2.1386,42.6,attack,0,1
21,4,2,-0.387671,4.00196,17.4,retreat,0,1
21,5,2,-0.487959,3.88422,8,retreat,0,1
21.2,0,1,-4.19006,0.373678,46,attack,5,1
21.2,1,1,-5.25252,3.30835,14,retreat,3,1
21.2,2,2,4.27929,6.60777,14.6,retreat,0,1
21.2,3,2,3.93843,-1.98045,42.6,chase,0,1
21.2,4,2,-0.387671,4.00196,17.4,retreat,0,1
21.2,5,2,-0.487959,3.88422,8,retreat,0,1
21.4,0,1,-4.19006,0.373678,46,attack,5,1
21.4,1,1,-5.3934,3.70402,14,support,3,0
21.4,2,2,4.27929,6.81898,14.6,retreat,0,1
21.4,3,2,3.40054,-1.82467,42.6,chase,0,1
21.4,4,2,-0.387671,4.00196,17.4,retreat,0,1
21.4,5,2,-0.487959,3.88422,8,retreat,0,1
21.6,0,1,-4.19006,0.373678,46,attack,4,1
21.6,1,1,-5.25061,3.30904,14,retreat,3,1
21.6,2,2,4.41098,7.00275,14.6,retreat,0,1
21.6,3,2,2.86264,-1.66889,42.6,chase,0,1
21.6,4,2,-0.387671,4.00196,17.4,retreat,0,1
21.6,5,2,-0.487959,3.88422,0,dead,0,1
21.8,0,1,-4.19006,0.373678,46,attack,4,1
21.8,1,1,-5.39314,3.70411,14,support,3,0
21.8,2,2,4.54532,7.16042,14.6,retreat,0,1
21.8,3,2,2.32474,-1.51311,42.6,chase,0,1
21.8,4,2,-0.387671,4.00196,17.4,retreat,0,1
21.8,5,2,-0.487959,3.88422,0,dead,0,1
22,0,1,-4.19006,0.373678,46,attack,4,1
22,1,1,-5.25044,3.3091,14,retreat,3,1
22,2,2,4.68118,7.2955,14.6,retreat,0,1
22,3,2,1.78685,-1.35732,42.6,chase,0,1
22,4,2,-0.387671,4.00196,17.4,retreat,0,1
22,5,2,-0.487959,3.88422,0,dead,0,1
22.2,0,1,-4.19006,0.373678,38,attack,4,1
22.2,1,1,-5.39312,3.70412,14,support,3,0
22.2,2,2,4.81856,7.40808,14.6,retreat,0,1
22.2,3,2,1.78685,-1.35732,42.6,attack,0,1
22.2,4,2,-0.387671,4.00196,3.4,retreat,0,1
22.2,5,2,-0.487959,3.88422,0,dead,0,1
22.4,0,1,-4.19006,0.373678,38,attack,4,1
22.4,1,1,-5.25043,3.3091,14,retreat,3,1
22.4,2,2,4.95676,7.502,14.6,retreat,0,1
22.4,3,2,1.24895,-1.20154,42.6,chase,0,1
22.4,4,2,-0.387671,4.00196,3.4,retreat,0,1
22.4,5,2,-0.487959,3.88422,0,dead,0,1
22.6,0,1,-4.19006,0.373678,38,attack,3,1
22.6,1,1,-5.39312,3.70412,14,support,3,0
22.6,2,2,5.09556,7.57914,14.6,retreat,0,1
22.6,3,2,0.711057,-1.04576,42.6,chase,0,1
22.6,4,2,-0.387671,4.00196,3.4,retreat,0,1
22.6,5,2,-0.487959,3.88422,0,dead,0,1
22.8,0,1,-4.39177,0.432097,38,attack,3,1
22.8,1,1,-5.25043,3.3091,14,retreat,3,1
22.8,2,2,5.23489,7.64041,14.6,retreat,0,1
22.8,3,2,0.173162,-0.889976,42.6,chase,0,1
22.8,4,2,-0.387671,4.00196,3.4,retreat,0,1
22.8,5,2,-0.487959,3.88422,0,dead,0,1
23,0,1,-5.19862,0.66577,38,attack,3,1
23,1,1,-5.44727,3.69233,14,support,3,0
23,2,2,5.37447,7.6892,14.6,retreat,0,0
23,3,2,-0.364734,-0.734194,28.6,chase,0,1
23,4,2,-0.387671,4.00196,3.4,retreat,0,0
23,5,2,-0.487959,3.88422,0,dead,0,1
23.2,0,1,-5.80375,0.841026,38,attack,3,1
23.2,1,1,-5.41896,3.27316,14,retreat,3,1
23.2,2,2,5.37447,7.72726,14.6,retreat,0,0
23.2,3,2,-0.380728,-0.174422,28.6,find_cover,0,1
23.2,4,2,-0.387671,4.00196,3.4,retreat,0,0
23.2,5,2,-0.487959,3.88422,0,dead,0,1
23.4,0,1,-5.80375,0.841026,30,attack,3,1
23.4,1,1,-5.51028,3.69038,14,support,3,0
23.4,2,2,5.51427,7.75574,14.6,retreat,0,0
23.4,3,2,-0.380728,-0.174422,28.6,attack,0,1
23.4,4,2,-0.387671,4.00196,3.4,retreat,0,0
23.4,5,2,-0.487959,3.88422,0,dead,0,1
23.6,0,1,-5.80375,0.841026,30,attack,3,1
23.6,1,1,-5.5581,3.27303,14,retreat,3,1
23.6,2,2,5.65417,7.77658,14.6,retreat,0,0
23.6,3,2,-0.396722,0.385349,14.6,find_cover,0,1
23.6,4,2,-0.387671,4.00196,3.4,retreat,0,0
23.6,5,2,-0.487959,3.88422,0,dead,0,1
23.8,0,1,-5.80375,0.841026,30,attack,3,1
23.8,1,1,-5.52812,3.692,14,support,3,0
23.8,2,2,5.79414,7.79108,14.6,retreat,0,0
23.8,3,2,-0.412716,0.945121,14.6,retreat,0,1
23.8,4,2,-0.387671,4.00196,3.4,retreat,0,0
23.8,5,2,-0.487959,3.88422,0,dead,0,1
24,0,1,-5.80375,0.841026,52,attack,3,1
24,1,1,-5.60895,2.8559,14,support,3,0
24,2,2,6.07409,7.80174,14.6,retreat,0,0
24,3,2,-0.428709,1.50489,14.6,retreat,0,1
24,4,2,-0.387671,4.00196,3.4,retreat,0,0
24,5,2,-0.487959,3.88422,0,dead,0,1
24.2,0,1,-5.80375,0.841026,52,attack,3,1
24.2,1,1,-5.52352,2.37971,14,retreat,3,1
24.2,2,2,6.63401,7.81144,14.6,retreat,0,0
24.2,3,2,-0.602404,2.03727,14.6,retreat,1,1
24.2,4,2,-0.387671,4.00196,3.4,retreat,0,0
24.2,5,2,-0.487959,3.88422,0,dead,0,1
24.4,0,1,-5.80375,0.841026,52,attack,3,1
24.4,1,1,-5.2314,2.68148,14,retreat,3,0
24.4,2,2,6.91397,7.8163,14.6,retreat,0,0
24.4,3,2,-0.573226,2.59651,0.6,retreat,0,1
24.4,4,2,-0.387671,4.00196,3.4,retreat,0,0
24.4,5,2,-0.487959,3.88422,0,dead,0,1
24.6,0,1,-5.80375,0.841026,52,attack,3,1
24.6,1,1,-5.2314,2.68148,14,retreat,3,0
24.6,2,2,6.91397,7.8163,14.6,retreat,0,0
24.6,3,2,-0.544048,3.15575,0.6,retreat,0,1
24.6,4,2,-0.387671,4.00196,3.4,retreat,0,0
24.6,5,2,-0.487959,3.88422,0,dead,0,1
24.8,0,1,-5.60973,0.921367,52,patrol,3,0
24.8,1,1,-5.2314,2.68148,14,retreat,3,0
24.8,2,2,6.91397,7.8163,14.6,retreat,0,0
24.8,3,2,-0.51487,3.71499,0.6,retreat,0,0
24.8,4,2,-0.387671,4.00196,3.4,retreat,0,0
24.8,5,2,-0.487959,3.88422,0,dead,0,1
25,0,1,-4.83363,1.24273,52,patrol,3,0
25,1,1,-5.2314,2.68148,14,retreat,3,0
25,2,2,6.91397,7.8163,14.6,retreat,0,0
25,3,2,-0.507576,3.8548,0.6,retreat,0,0
25,4,2,-0.387671,4.00196,3.4,retreat,0,0
25,5,2,-0.487959,3.88422,0,dead,0,1
25.2,0,1,-4.05754,1.5641,52,patrol,3,0
25.2,1,1,-5.2314,2.68148,14,retreat,3,0
25.2,2,2,6.91397,7.8163,14.6,retreat,0,0
25.2,3,2,-0.507576,3.8548,0.6,retreat,0,0
25.2,4,2,-0.387671,4.00196,3.4,retreat,0,0
25.2,5,2,-0.487959,3.88422,0,dead,0,1
25.4,0,1,-3.28144,1.80512,52,patrol,3,0
25.4,1,1,-5.2314,2.68148,14,retreat,3,0
25.4,2,2,6.91397,7.8163,15.3,recover,-1,0
25.4,3,2,-0.507576,3.8548,0.6,retreat,0,0
25.4,4,2,-0.13882,3.66362,3.4,patrol,-1,0
25.4,5,2,-0.487959,3.88422,0,dead,0,1
25.6,0,1,-3.47309,1.71927,52,attack,4,1
25.6,1,1,-5.2314,2.68148,14,retreat,3,0
25.6,2,2,6.91397,7.8163,16,recover,-1,0
25.6,3,2,-0.507576,3.8548,0.6,retreat,0,0
25.6,4,2,0.107184,3.32322,0,dead,-1,0
25.6,5,2,-0.487959,3.88422,0,dead,0,1
25.8,0,1,-3.85638,1.54755,52,patrol,4,0
25.8,1,1,-5.2314,2.68148,14,retreat,3,0
25.8,2,2,6.91397,7.8163,16.7,recover,-1,0
25.8,3,2,-0.507576,3.8548,0.6,retreat,0,0
25.8,4,2,0.107184,3.32322,0,dead,-1,0
25.8,5,2,-0.487959,3.88422,0,dead,0,1
26,0,1,-3.28144,1.80512,52,patrol,4,0
26,1,1,-5.2314,2.68148,14,retreat,3,0
26,2,2,6.91397,7.8163,17.4,recover,-1,0
26,3,2,-0.507576,3.8548,0.6,retreat,0,0
26,4,2,0.107184,3.32322,0,dead,-1,0
26,5,2,-0.487959,3.88422,0,dead,0,1
26.2,0,1,-3.28144,1.80512,52,patrol,4,0
26.2,1,1,-5.2314,2.68148,14,retreat,3,0
26.2,2,2,6.91397,7.8163,18.1,recover,-1,0
26.2,3,2,-0.507576,3.8548,0.6,retreat,0,0
26.2,4,2,0.107184,3.32322,0,dead,-1,0
26.2,5,2,-0.487959,3.88422,0,dead,0,1
26.4,0,1,-3.28144,1.80512,52,patrol,4,0
26.4,1,1,-5.2314,2.68148,14,retreat,3,0
26.4,2,2,6.91397,7.8163,18.8,recover,-1,0
26.4,3,2,-0.507576,3.8548,0.6,retreat,0,0
26.4,4,2,0.107184,3.32322,0,dead,-1,0
26.4,5,2,-0.487959,3.88422,0,dead,0,1
26.6,0,1,-3.28144,1.80512,52,patrol,4,0
26.6,1,1,-5.2314,2.68148,14,retreat,3,0
26.6,2,2,6.91397,7.8163,19.5,recover,-1,0
26.6,3,2,-0.507576,3.8548,0.6,retreat,0,0
26.6,4,2,0.107184,3.32322,0,dead,-1,0
26.6,5,2,-0.487959,3.88422,0,dead,0,1
26.8,0,1,-3.28144,1.80512,52,patrol,4,0
26.8,1,1,-5.2314,2.68148,14,retreat,-1,0
26.8,2,2,6.91397,7.8163,20.2,recover,-1,0
26.8,3,2,-0.507576,3.8548,0.6,retreat,0,0
26.8,4,2,0.107184,3.32322,0,dead,-1,0
26.8,5,2,-0.487959,3.88422,0,dead,0,1
27,0,1,-3.28144,1.80512,52,patrol,4,0
27,1,1,-5.2314,2.68148,14,retreat,-1,0
27,2,2,6.91397,7.8163,20.9,recover,-1,0
27,3,2,-0.507576,3.8548,0.6,retreat,0,0
27,4,2,0.107184,3.32322,0,dead,-1,0
27,5,2,-0.487959,3.88422,0,dead,0,1
27.2,0,1,-3.28144,1.80512,52,patrol,4,0
27.2,1,1,-5.2314,2.68148,14,retreat,-1,0
27.2,2,2,6.91397,7.8163,21.6,recover,-1,0
27.2,3,2,-0.0632587,3.51395,0.6,patrol,-1,0
27.2,4,2,0.107184,3.32322,0,dead,-1,0
27.2,5,2,-0.487959,3.88422,0,dead,0,1
27.4,0,1,-3.28144,1.80512,52,patrol,4,0
27.4,1,1,-5.2314,2.68148,14,retreat,-1,0
27.4,2,2,6.91397,7.8163,22.3,recover,-1,0
27.4,3,2,-0.437544,3.93049,0.6,retreat,0,1
27.4,4,2,0.107184,3.32322,0,dead,-1,0
27.4,5,2,-0.487959,3.88422,0,dead,0,1
27.6,0,1,-3.28144,1.80512,52,patrol,4,0
27.6,1,1,-5.2314,2.68148,14,retreat,-1,0
27.6,2,2,6.91397,7.8163,23,recover,-1,0
27.6,3,2,-0.437544,3.93049,0.6,retreat,0,0
27.6,4,2,0.107184,3.32322,0,dead,-1,0
27.6,5,2,-0.487959,3.88422,0,dead,0,1
27.8,0,1,-3.28144,1.80512,52,patrol,4,0
27.8,1,1,-5.2314,2.68148,14,retreat,-1,0
27.8,2,2,6.91397,7.8163,23.7,recover,-1,0
27.8,3,2,-0.437544,3.93049,0.6,retreat,0,0
27.8,4,2,0.107184,3.32322,0,dead,-1,0
27.8,5,2,-0.487959,3.88422,0,dead,0,1
28,0,1,-3.28144,1.80512,52,patrol,4,0
28,1,1,-5.2314,2.68148,14,retreat,-1,0
28,2,2,6.91397,7.8163,24.4,recover,-1,0
28,3,2,-0.437544,3.93049,0.6,retreat,0,0
28,4,2,0.107184,3.32322,0,dead,-1,0
28,5,2,-0.487959,3.88422,0,dead,0,1
28.2,0,1,-3.28144,1.80512,52,patrol,-1,0
28.2,1,1,-5.2314,2.68148,14,retreat,-1,0
28.2,2,2,6.91397,7.8163,25.1,recover,-1,0
28.2,3,2,-0.437544,3.93049,0.6,retreat,0,0
28.2,4,2,0.107184,3.32322,0,dead,-1,0
28.2,5,2,-0.487959,3.88422,0,dead,0,1
28.4,0,1,-3.28144,1.80512,52,patrol,-1,0
28.4,1,1,-5.2314,2.68148,14,retreat,-1,0
28.4,2,2,6.91397,7.8163,25.8,recover,-1,0
28.4,3,2,-0.437544,3.93049,0.6,retreat,0,0
28.4,4,2,0.107184,3.32322,0,dead,-1,0
28.4,5,2,-0.487959,3.88422,0,dead,0,1
28.6,0,1,-3.28144,1.80512,52,patrol,-1,0
28.6,1,1,-5.2314,2.68148,14,retreat,-1,0
28.6,2,2,6.91397,7.8163,26.5,recover,-1,0
28.6,3,2,-0.437544,3.93049,0.6,retreat,0,0
28.6,4,2,0.107184,3.32322,0,dead,-1,0
28.6,5,2,-0.487959,3.88422,0,dead,0,1
28.8,0,1,-3.28144,1.80512,52,patrol,-1,0
28.8,1,1,-5.2314,2.68148,14,retreat,-1,0
28.8,2,2,6.91397,7.8163,27.2,recover,-1,0
28.8,3,2,-0.437544,3.93049,0.6,retreat,0,0
28.8,4,2,0.107184,3.32322,0,dead,-1,0
28.8,5,2,-0.487959,3.88422,0,dead,0,1
29,0,1,-3.28144,1.80512,52,patrol,-1,0
29,1,1,-5.2314,2.68148,14,retreat,-1,0
29,2,2,6.91397,7.8163,27.9,recover,-1,0
29,3,2,-0.437544,3.93049,0.6,retreat,0,0
29,4,2,0.107184,3.32322,0,dead,-1,0
29,5,2,-0.487959,3.88422,0,dead,0,1
29.2,0,1,-3.28144,1.80512,52,patrol,-1,0
29.2,1,1,-5.2314,2.68148,14,retreat,-1,0
29.2,2,2,6.91397,7.8163,28.6,recover,-1,0
29.2,3,2,-0.437544,3.93049,0.6,retreat,0,0
29.2,4,2,0.107184,3.32322,0,dead,-1,0
29.2,5,2,-0.487959,3.88422,0,dead,0,1
29.4,0,1,-3.28144,1.80512,52,patrol,-1,0
29.4,1,1,-5.2314,2.68148,14,retreat,-1,0
29.4,2,2,6.91397,7.8163,29.3,recover,-1,0
29.4,3,2,-0.437544,3.93049,0.6,retreat,0,0
29.4,4,2,0.107184,3.32322,0,dead,-1,0
29.4,5,2,-0.487959,3.88422,0,dead,0,1
29.6,0,1,-3.28144,1.80512,52,patrol,-1,0
29.6,1,1,-5.2314,2.68148,14,retreat,-1,0
29.6,2,2,6.91397,7.8163,30,recover,-1,0
29.6,3,2,-0.437544,3.93049,0.6,retreat,0,0
29.6,4,2,0.107184,3.32322,0,dead,-1,0
29.6,5,2,-0.487959,3.88422,0,dead,0,1
29.8,0,1,-3.28144,1.80512,52,patrol,-1,0
29.8,1,1,-5.2314,2.68148,14,retreat,-1,0
29.8,2,2,6.91397,7.8163,30.7,recover,-1,0
29.8,3,2,-0.437544,3.93049,0.6,retreat,0,0
29.8,4,2,0.107184,3.32322,0,dead,-1,0
29.8,5,2,-0.487959,3.88422,0,dead,0,1
30,0,1,-3.28144,1.80512,52,patrol,-1,0
30,1,1,-5.2314,2.68148,14,retreat,-1,0
30,2,2,6.91397,7.8163,31.4,recover,-1,0
30,3,2,-0.437544,3.93049,1.3,recover,-1,0
30,4,2,0.107184,3.32322,0,dead,-1,0
30,5,2,-0.487959,3.88422,0,dead,0,1
30.2,0,1,-3.28144,1.80375,52,patrol,-1,0
30.2,1,1,-5.2314,2.68148,14,retreat,-1,0
30.2,2,2,6.91397,7.8163,32.1,recover,-1,0
30.2,3,2,-0.437544,3.93049,2,recover,-1,0
30.2,4,2,0.107184,3.32322,0,dead,-1,0
30.2,5,2,-0.487959,3.88422,0,dead,0,1
30.4,0,1,-2.86244,1.77975,52,patrol,-1,0
30.4,1,1,-5.2314,2.68148,14,retreat,-1,0
30.4,2,2,6.91397,7.8163,32.8,recover,-1,0
30.4,3,2,-0.437544,3.93049,2.7,recover,-1,0
30.4,4,2,0.107184,3.32322,0,dead,-1,0
30.4,5,2,-0.487959,3.88422,0,dead,0,1
30.6,0,1,-2.3488,1.5418,52,attack,3,1
30.6,1,1,-5.2314,2.68148,14,retreat,-1,0
30.6,2,2,6.91397,7.8163,33.5,recover,-1,0
30.6,3,2,-0.558661,4.33265,0,dead,0,1
30.6,4,2,0.107184,3.32322,0,dead,-1,0
30.6,5,2,-0.487959,3.88422,0,dead,0,1
30.8,0,1,-2.57556,1.18827,52,patrol,3,0
30.8,1,1,-5.2314,2.68148,14,retreat,-1,0
30.8,2,2,6.91397,7.8163,34.2,recover,-1,0
30.8,3,2,-0.558661,4.33265,0,dead,0,1
30.8,4,2,0.107184,3.32322,0,dead,-1,0
30.8,5,2,-0.487959,3.88422,0,dead,0,1
31,0,1,-2.12203,1.89532,52,patrol,3,0
31,1,1,-5.2314,2.68148,14,retreat,-1,0
31,2,2,6.91397,7.8163,34.9,recover,-1,0
31,3,2,-0.558661,4.33265,0,dead,0,1
31,4,2,0.107184,3.32322,0,dead,-1,0
31,5,2,-0.487959,3.88422,0,dead,0,1
31.2,0,1,-1.69309,2.0758,52,patrol,3,0
31.2,1,1,-5.2314,2.68148,14,retreat,-1,0
31.2,2,2,6.91397,7.8163,35.6,recover,-1,0
31.2,3,2,-0.558661,4.33265,0,dead,0,1
31.2,4,2,0.107184,3.32322,0,dead,-1,0
31.2,5,2,-0.487959,3.88422,0,dead,0,1
31.4,0,1,-1.32986,2.45442,52,patrol,3,0
31.4,1,1,-5.2314,2.68148,14,retreat,-1,0
31.4,2,2,6.91397,7.8163,36.3,recover,-1,0
31.4,3,2,-0.558661,4.33265,0,dead,0,1
31.4,4,2,0.107184,3.32322,0,dead,-1,0
31.4,5,2,-0.487959,3.88422,0,dead,0,1
31.6,0,1,-1.02694,2.84607,52,patrol,3,0
31.6,1,1,-5.2314,2.68148,14,retreat,-1,0
31.6,2,2,6.91397,7.8163,37,recover,-1,0
31.6,3,2,-0.558661,4.33265,0,dead,0,1
31.6,4,2,0.107184,3.32322,0,dead,-1,0
31.6,5,2,-0.487959,3.88422,0,dead,0,1
31.8,0,1,-0.774565,3.64725,52,patrol,3,0
31.8,1,1,-5.2314,2.68148,14,retreat,-1,0
31.8,2,2,6.91397,7.8163,37.7,recover,-1,0
31.8,3,2,-0.558661,4.33265,0,dead,0,1
31.8,4,2,0.107184,3.32322,0,dead,-1,0
31.8,5,2,-0.487959,3.88422,0,dead,0,1
32,0,1,-0.58528,4.24815,52,patrol,3,0
32,1,1,-5.2314,2.68148,14,retreat,-1,0
32,2,2,6.91397,7.8163,38.4,recover,-1,0
32,3,2,-0.558661,4.33265,0,dead,0,1
32,4,2,0.107184,3.32322,0,dead,-1,0
32,5,2,-0.487959,3.88422,0,dead,0,1
32.2,0,1,-0.58528,4.24815,52,patrol,3,0
32.2,1,1,-5.2314,2.68148,14,retreat,-1,0
32.2,2,2,6.91397,7.8163,39.1,recover,-1,0
32.2,3,2,-0.558661,4.33265,0,dead,0,1
32.2,4,2,0.107184,3.32322,0,dead,-1,0
32.2,5,2,-0.487959,3.88422,0,dead,0,1
32.4,0,1,-0.58528,4.24815,52,patrol,3,0
32.4,1,1,-5.2314,2.68148,14,retreat,-1,0
32.4,2,2,6.91397,7.8163,39.8,recover,-1,0
32.4,3,2,-0.558661,4.33265,0,dead,0,1
32.4,4,2,0.107184,3.32322,0,dead,-1,0
32.4,5,2,-0.487959,3.88422,0,dead,0,1
32.6,0,1,-0.58528,4.24815,52,patrol,3,0
32.6,1,1,-5.2314,2.68148,14,retreat,-1,0
32.6,2,2,6.91397,7.8163,40.5,recover,-1,0
32.6,3,2,-0.558661,4.33265,0,dead,0,1
32.6,4,2,0.107184,3.32322,0,dead,-1,0
32.6,5,2,-0.487959,3.88422,0,dead,0,1
32.8,0,1,-0.58528,4.24815,52,patrol,3,0
32.8,1,1,-5.2314,2.68148,14,retreat,-1,0
32.8,2,2,6.91397,7.8163,41.2,recover,-1,0
32.8,3,2,-0.558661,4.33265,0,dead,0,1
32.8,4,2,0.107184,3.32322,0,dead,-1,0
32.8,5,2,-0.487959,3.88422,0,dead,0,1
33,0,1,-0.58528,4.24815,52,patrol,3,0
33,1,1,-5.2314,2.68148,14,retreat,-1,0
33,2,2,6.91397,7.8163,41.9,recover,-1,0
33,3,2,-0.558661,4.33265,0,dead,0,1
33,4,2,0.107184,3.32322,0,dead,-1,0
33,5,2,-0.487959,3.88422,0,dead,0,1
33.2,0,1,-0.567267,4.03892,52,patrol,-1,0
33.2,1,1,-5.2314,2.68148,14,retreat,-1,0
33.2,2,2,6.91397,7.8163,42.6,recover,-1,0
33.2,3,2,-0.558661,4.33265,0,dead,0,1
33.2,4,2,0.107184,3.32322,0,dead,-1,0
33.2,5,2,-0.487959,3.88422,0,dead,0,1
33.4,0,1,-0.495945,3.20196,52,patrol,-1,0
33.4,1,1,-5.2314,2.68148,14,retreat,-1,0
33.4,2,2,6.94797,7.68049,42.6,patrol,-1,0
33.4,3,2,-0.558661,4.33265,0,dead,0,1
33.4,4,2,0.107184,3.32322,0,dead,-1,0
33.4,5,2,-0.487959,3.88422,0,dead,0,1
33.6,0,1,-0.427554,2.36475,52,patrol,-1,0
33.6,1,1,-5.2314,2.68148,14,retreat,-1,0
33.6,2,2,7.08151,7.54468,42.6,patrol,-1,0
33.6,3,2,-0.558661,4.33265,0,dead,0,1
33.6,4,2,0.107184,3.32322,0,dead,-1,0
33.6,5,2,-0.487959,3.88422,0,dead,0,1
33.8,0,1,-0.362154,1.5273,52,patrol,-1,0
33.8,1,1,-5.2314,2.68148,14,retreat,-1,0
33.8,2,2,7.20518,7.40822,42.6,patrol,-1,0
33.8,3,2,-0.558661,4.33265,0,dead,0,1
33.8,4,2,0.107184,3.32322,0,dead,-1,0
33.8,5,2,-0.487959,3.88422,0,dead,0,1
34,0,1,-0.299825,0.689613,52,patrol,-1,0
34,1,1,-5.2314,2.68148,14,retreat,-1,0
34,2,2,7.31934,7.2712,42.6,patrol,-1,0
34,3,2,-0.558661,4.33265,0,dead,0,1
34,4,2,0.107184,3.32322,0,dead,-1,0
34,5,2,-0.487959,3.88422,0,dead,0,1
34.2,0,1,-0.240678,-0.148301,52,patrol,-1,0
34.2,1,1,-5.2314,2.68148,14,retreat,-1,0
34.2,2,2,7.42458,7.13374,42.6,patrol,-1,0
34.2,3,2,-0.558661,4.33265,0,dead,0,1
34.2,4,2,0.107184,3.32322,0,dead,-1,0
34.2,5,2,-0.487959,3.88422,0,dead,0,1
34.4,0,1,-0.18488,-0.986445,52,patrol,-1,0
34.4,1,1,-5.2314,2.68148,14,retreat,-1,0
34.4,2,2,7.52098,6.99558,42.6,patrol,-1,0
34.4,3,2,-0.558661,4.33265,0,dead,0,1
34.4,4,2,0.107184,3.32322,0,dead,-1,0
34.4,5,2,-0.487959,3.88422,0,dead,0,1
34.6,0,1,-0.132685,-1.82482,52,patrol,-1,0
34.6,1,1,-5.2314,2.68148,14,retreat,-1,0
34.6,2,2,7.60922,6.85737,42.6,patrol,-1,0
34.6,3,2,-0.558661,4.33265,0,dead,0,1
34.6,4,2,0.107184,3.32322,0,dead,-1,0
34.6,5,2,-0.487959,3.88422,0,dead,0,1
34.8,0,1,-0.0845316,-2.66344,52,patrol,-1,0
34.8,1,1,-5.2314,2.68148,14,retreat,-1,0
34.8,2,2,7.68954,6.71887,42.6,patrol,-1,0
34.8,3,2,-0.558661,4.33265,0,dead,0,1
34.8,4,2,0.107184,3.32322,0,dead,-1,0
34.8,5,2,-0.487959,3.88422,0,dead,0,1
35,0,1,-0.0413023,-3.50232,52,patrol,-1,0
35,1,1,-5.2314,2.68148,14,retreat,-1,0
35,2,2,7.7623,6.44134,42.6,patrol,-1,0
35,3,2,-0.558661,4.33265,0,dead,0,1
35,4,2,0.107184,3.32322,0,dead,-1,0
35,5,2,-0.487959,3.88422,0,dead,0,1
35.2,0,1,0.115874,-3.9653,52,attack,2,1
35.2,1,1,-5.2314,2.68148,14,retreat,-1,0
35.2,2,2,7.81287,5.9135,42.6,chase,0,1
35.2,3,2,-0.558661,4.33265,0,dead,0,1
35.2,4,2,0.107184,3.32322,0,dead,-1,0
35.2,5,2,-0.487959,3.88422,0,dead,0,1
35.4,0,1,0.63237,-3.30291,52,attack,2,1
35.4,1,1,-5.2314,2.68148,14,retreat,-1,0
35.4,2,2,7.72488,5.47471,42.6,chase,0,1
35.4,3,2,-0.558661,4.33265,0,dead,0,1
35.4,4,2,0.107184,3.32322,0,dead,-1,0
35.4,5,2,-0.487959,3.88422,0,dead,0,1
35.6,0,1,1.16242,-2.65128,52,attack,2,1
35.6,1,1,-5.2314,2.68148,14,retreat,-1,0
35.6,2,2,7.64899,5.14966,28.6,find_cover,0,1
35.6,3,2,-0.558661,4.33265,0,dead,0,1
35.6,4,2,0.107184,3.32322,0,dead,-1,0
35.6,5,2,-0.487959,3.88422,0,dead,0,1
35.8,0,1,1.69797,-2.00415,52,attack,2,1
35.8,1,1,-5.2314,2.68148,14,retreat,-1,0
35.8,2,2,7.69592,5.28911,28.6,find_cover,0,1
35.8,3,2,-0.558661,4.33265,0,dead,0,1
35.8,4,2,0.107184,3.32322,0,dead,-1,0
35.8,5,2,-0.487959,3.88422,0,dead,0,1
36,0,1,2.09772,-1.51721,44,attack,2,1
36,1,1,-5.2314,2.68148,14,retreat,-1,0
36,2,2,7.72359,5.42882,28.6,attack,0,1
36,3,2,-0.558661,4.33265,0,dead,0,1
36,4,2,0.107184,3.32322,0,dead,-1,0
36,5,2,-0.487959,3.88422,0,dead,0,1
36.2,0,1,2.09772,-1.51721,44,attack,2,1
36.2,1,1,-5.04918,2.57709,14,support,-1,0
36.2,2,2,7.73178,5.42882,14.6,retreat,0,1
36.2,3,2,-0.558661,4.33265,0,dead,0,1
36.2,4,2,0.107184,3.32322,0,dead,-1,0
36.2,5,2,-0.487959,3.88422,0,dead,0,1
36.4,0,1,2.2287,-1.35307,44,attack,2,1
36.4,1,1,-4.31754,2.16452,14,support,-1,0
36.4,2,2,7.75864,5.56868,14.6,retreat,0,1
36.4,3,2,-0.558661,4.33265,0,dead,0,1
36.4,4,2,0.107184,3.32322,0,dead,-1,0
36.4,5,2,-0.487959,3.88422,0,dead,0,1
36.6,0,1,2.62167,-0.860649,44,attack,2,1
36.6,1,1,-3.56947,1.78383,14,support,-1,0
36.6,2,2,7.7783,5.70862,14.6,retreat,0,1
36.6,3,2,-0.558661,4.33265,0,dead,0,1
36.6,4,2,0.107184,3.32322,0,dead,-1,0
36.6,5,2,-0.487959,3.88422,0,dead,0,1
36.8,0,1,2.62167,-0.860649,44,attack,2,1
36.8,1,1,-2.79698,1.45387,14,support,-1,0
36.8,2,2,7.79268,5.70862,14.6,retreat,0,1
36.8,3,2,-0.558661,4.33265,0,dead,0,1
36.8,4,2,0.107184,3.32322,0,dead,-1,0
36.8,5,2,-0.487959,3.88422,0,dead,0,1
37,0,1,2.62167,-0.860649,44,attack,2,1
37,1,1,-2.0245,1.12392,14,support,-1,0
37,2,2,7.80289,6.12855,0.6,retreat,0,1
37,3,2,-0.558661,4.33265,0,dead,0,1
37,4,2,0.107184,3.32322,0,dead,-1,0
37,5,2,-0.487959,3.88422,0,dead,0,1
37.2,0,1,2.74832,-0.693142,44,patrol,2,0
37.2,1,1,-1.24847,0.802833,14,support,-1,0
37.2,2,2,7.81247,6.68847,0.6,retreat,0,0
37.2,3,2,-0.558661,4.33265,0,dead,0,1
37.2,4,2,0.107184,3.32322,0,dead,-1,0
37.2,5,2,-0.487959,3.88422,0,dead,0,1
37.4,0,1,3.25494,-0.0231156,44,patrol,2,0
37.4,1,1,-0.450909,0.549901,14,support,-1,0
37.4,2,2,7.81726,6.96843,0.6,retreat,0,0
37.4,3,2,-0.558661,4.33265,0,dead,0,1
37.4,4,2,0.107184,3.32322,0,dead,-1,0
37.4,5,2,-0.487959,3.88422,0,dead,0,1
37.6,0,1,3.76156,0.646911,44,patrol,2,0
37.6,1,1,0.381388,0.464921,14,support,-1,0
37.6,2,2,7.81726,6.96843,0.6,retreat,0,0
37.6,3,2,-0.558661,4.33265,0,dead,0,1
37.6,4,2,0.107184,3.32322,0,dead,-1,0
37.6,5,2,-0.487959,3.88422,0,dead,0,1
37.8,0,1,4.26818,1.31694,44,patrol,2,0
37.8,1,1,1.21415,0.549943,14,support,-1,0
37.8,2,2,7.81726,6.96843,0.6,retreat,0,0
37.8,3,2,-0.558661,4.33265,0,dead,0,1
37.8,4,2,0.107184,3.32322,0,dead,-1,0
37.8,5,2,-0.487959,3.88422,0,dead,0,1
38,0,1,4.7748,1.98696,44,patrol,2,0
38,1,1,2.01774,0.787191,14,support,-1,0
38,2,2,7.81726,6.96843,0.6,retreat,0,0
38,3,2,-0.558661,4.33265,0,dead,0,1
38,4,2,0.107184,3.32322,0,dead,-1,0
38,5,2,-0.487959,3.88422,0,dead,0,1
38.2,0,1,5.28142,2.65699,44,patrol,2,0
38.2,1,1,2.77528,1.14695,14,support,-1,0
38.2,2,2,7.81726,6.96843,0.6,retreat,0,0
38.2,3,2,-0.558661,4.33265,0,dead,0,1
38.2,4,2,0.107184,3.32322,0,dead,-1,0
38.2,5,2,-0.487959,3.88422,0,dead,0,1
38.4,0,1,5.78804,3.32702,44,patrol,2,0
38.4,1,1,3.4829,1.59809,14,support,-1,0
38.4,2,2,7.81726,6.96843,0.6,retreat,0,0
38.4,3,2,-0.558661,4.33265,0,dead,0,1
38.4,4,2,0.107184,3.32322,0,dead,-1,0
38.4,5,2,-0.487959,3.88422,0,dead,0,1
38.6,0,1,6.29467,3.99704,44,patrol,2,0
38.6,1,1,4.14487,2.11445,14,support,-1,0
38.6,2,2,7.81726,6.96843,0.6,retreat,0,0
38.6,3,2,-0.558661,4.33265,0,dead,0,1
38.6,4,2,0.107184,3.32322,0,dead,-1,0
38.6,5,2,-0.487959,3.88422,0,dead,0,1
38.8,0,1,6.7777,4.34291,66,patrol,2,0
38.8,1,1,4.77963,2.66457,14,support,-1,0
38.8,2,2,7.81726,6.96843,0.6,retreat,0,0
38.8,3,2,-0.558661,4.33265,0,dead,0,1
38.8,4,2,0.107184,3.32322,0,dead,-1,0
38.8,5,2,-0.487959,3.88422,0,dead,0,1
39,0,1,7.02252,4.33024,66,attack,2,1
39,1,1,5.40813,3.22062,14,retreat,-1,0
39,2,2,7.81726,6.96843,0,dead,0,0
39,3,2,-0.558661,4.33265,0,dead,0,1
39,4,2,0.107184,3.32322,0,dead,-1,0
39,5,2,-0.487959,3.88422,0,dead,0,1
39,0,1,7.02252,4.33024,66,attack,2,1
39,1,1,5.40813,3.22062,14,retreat,-1,0
39,2,2,7.81726,6.96843,0,dead,0,0
39,3,2,-0.558661,4.33265,0,dead,0,1
39,4,2,0.107184,3.32322,0,dead,-1,0
39,5,2,-0.487959,3.88422,0,dead,0,1
