schema_version,engine,seed,arena,policy,enemies,duration_limit,director,win,survival_seconds,damage_dealt,damage_taken,companion_deaths,enemy_deaths,spawned,time_to_engage,stuck_events,distance_travelled,cover_usage,decision_counts
1,portable-cpp-model,5001,pillars,utility,1,60.0,False,True,5.25,65.0,0.0,0,1,1,3.1,0,46.056906,8,80
1,portable-cpp-model,5002,pillars,utility,1,60.0,False,True,4.65,65.0,0.0,0,1,1,3.15,0,45.216906,5,71
1,portable-cpp-model,5003,pillars,utility,1,60.0,False,True,5.65,65.0,16.0,0,1,1,3.1,0,46.406906,6,86
1,portable-cpp-model,5004,pillars,utility,1,60.0,False,True,4.65,65.0,8.0,0,1,1,3.2,0,45.216906,5,71
1,portable-cpp-model,5005,pillars,utility,1,60.0,False,True,5.35,65.0,8.0,0,1,1,3.15,0,46.406906,6,80
1,portable-cpp-model,5001,pillars,utility,10,60.0,False,False,7.9,140.0,152.0,0,0,10,2.2,0,234.642568,23,473
1,portable-cpp-model,5002,pillars,utility,10,60.0,False,False,8.35,126.0,130.0,1,0,10,2.2,0,251.974549,24,494
1,portable-cpp-model,5003,pillars,utility,10,60.0,False,False,8.8,140.0,130.0,1,0,10,2.35,0,231.646749,29,516
1,portable-cpp-model,5004,pillars,utility,10,60.0,False,False,8.1,140.0,152.0,0,0,10,2.3,0,248.565253,26,486
1,portable-cpp-model,5005,pillars,utility,10,60.0,False,False,10.25,126.0,130.0,1,0,10,2.7,3,258.484913,31,597
1,portable-cpp-model,5001,pillars,utility,25,60.0,False,False,5.35,98.0,130.0,0,0,25,2.15,0,378.781253,16,721
1,portable-cpp-model,5002,pillars,utility,25,60.0,False,False,5.25,70.0,130.0,1,0,25,2.2,0,368.765109,6,698
1,portable-cpp-model,5003,pillars,utility,25,60.0,False,False,4.95,70.0,152.0,0,0,25,2.45,0,352.353566,12,665
1,portable-cpp-model,5004,pillars,utility,25,60.0,False,False,5.3,84.0,130.0,1,0,25,2.3,0,361.998454,7,705
1,portable-cpp-model,5005,pillars,utility,25,60.0,False,False,6.0,98.0,152.0,0,0,25,2.55,1,403.72602,26,803
1,portable-cpp-model,5001,pillars,utility,50,60.0,False,False,4.8,70.0,152.0,0,0,50,2.15,0,641.496564,9,1237
1,portable-cpp-model,5002,pillars,utility,50,60.0,False,False,4.9,84.0,130.0,0,0,50,2.2,1,667.685945,17,1260
1,portable-cpp-model,5003,pillars,utility,50,60.0,False,False,4.7,42.0,130.0,1,0,50,2.3,0,627.356154,6,1207
1,portable-cpp-model,5004,pillars,utility,50,60.0,False,False,5.0,98.0,152.0,0,0,50,2.1,1,665.109502,19,1291
1,portable-cpp-model,5005,pillars,utility,50,60.0,False,False,4.7,70.0,130.0,1,0,50,2.45,0,625.880278,5,1208
